{
  "map" : [
    {
      "name": "景点",
      "scale": 16,
      "data": [
        {
          "name": "遗爱湖公园",
          "latitude": "30.44568",
          "longitude": "114.901541",
          "iconPath": "/static/images/ico/jd.png",
          "width": "30",
          "height": "30",
          "img": [
            "http://sa9lkj8tk.hn-bkt.clouddn.com/%E5%AD%A6%E6%A0%A1/%E9%81%97%E7%88%B1%E6%B9%961.jpg?e=1710470454&token=wBkLtV20GRjR14oQ9Y5FRFoXcMn38yeqc8t_qA4Q:1tnW2P7a73PQ_UbC_C_vWKfntgI=",
              "http://sa9lkj8tk.hn-bkt.clouddn.com/%E5%AD%A6%E6%A0%A1/%E9%81%97%E7%88%B1%E6%B9%962.png?e=1710470464&token=wBkLtV20GRjR14oQ9Y5FRFoXcMn38yeqc8t_qA4Q:sPiggwvszh_KwKZn5nf1bB7UN8A=",
              "http://sa9lkj8tk.hn-bkt.clouddn.com/%E5%AD%A6%E6%A0%A1/%E9%81%97%E7%88%B1%E6%B9%963.jpg?e=1710470633&token=wBkLtV20GRjR14oQ9Y5FRFoXcMn38yeqc8t_qA4Q:ZpveufuESLwUOc8LXJmuU6H1kkI="
          ],
          "description": "<p>　遗爱湖是一个集生态保护、休闲娱乐、文化传承于一体的东坡文化主题公园。位于湖北省黄冈市，是国家AAAA级旅游景区、国家湿地公园。2014年被评为湖北省十大最美湖泊。遗爱湖由东湖、西湖、菱角湖组成，由遗爱清风、临皋春晓、东坡问稼、 一蓑烟雨、琴岛望月、红梅傲雪、幽兰芳径、江柳摇村、大洲竹影 、水韵荷香、霜叶松风、平湖归雁十二个景区组成。公园内苏东坡纪念馆、紫竹苑、爱莲馆、 幽兰阁、傲雪轩、芸香阁、遗爱湖建设馆等七大展馆，现均已对外开放。公园内已有自行车、观光车、游船租赁服务。</p><p>  遗爱湖位于黄冈市区中心，因北宋大文豪苏东坡所作《遗爱亭记》而得名。《遗爱亭记》是苏东坡为颂扬即将离任黄州去湖南任太守的徐君猷而作。徐太守为官清廉、有益乡土，“去而人思之，此之谓遗爱”。上世纪九十年代，黄州人为了彰显“遗爱”精神，弘扬东坡文化，将城中的东湖、西湖、菱角湖合称为遗爱湖。2006年8月，黄冈市委、市政府为改善人居环境，挖掘历史文化，完善城市功能，提升城市形象，决定启动遗爱湖综合保护治理工程。经过一年多的规划设计和前期准备之后，于2008年1月正式动工建设遗爱湖公园。工程总投资10亿元。遗爱湖公园总面积7555亩，其中陆地面积3147亩，水域面积4408亩，沿湖岸线29公里。公园呈南北长方状，是一座集生态环保、东坡文化、休闲娱乐于一体的综合性开放式公园。通过公开招标，公园由四川筑成景观设计有限公司、无锡市园林设计研究院有限公司、浙江滕头园林股份有限公司、中外园林建设总公司、江苏山水建设集团有限公司、江苏江南园林建筑工程有限公司等著名企业进行规划设计和建设。公园规划采用“一环、两片、五区、十二景”的布局结构。一环是沿湖观光旅游的环型主路线;两片是东湖片区和西湖片区;五区是东坡文化休闲区、文化商业休闲区、竹园生态休闲区、原生态自然保护区和市民户外运动游乐区;“十二景”分别是遗爱清风、临皋春晓、东坡问稼、一蓑烟雨、琴岛望月、红梅傲雪、幽兰芳径、江柳摇村、水韵荷香、大洲竹影、霜叶松风、平湖归雁。这“十二景”中包含了中国传统文化中春夏秋冬、松竹梅兰、风花雪月等元素，并且都与苏东坡人品、经历、作品紧密相连，情景交融，富有诗情画意。公园在建设上坚持“适地适树、生态稳定、节约高质、长效管理”的原则。在植物选择上，大量运用乡土树种;在建筑、铺装、照明、给水工程中广泛使用节能环保材料;在山体水体的利用上，因地制宜，避免挖湖堆山，力求做到土方就地平衡，减少大规模的地形改造，降低了建设成本和后期管养成本;在岸线建设上，以生态型自然驳岸为主，适当加以人工改造，最大限度地保留了沿湖岸线的自然地貌和植被现状;在景观建设上，以植物造景为主，适当配置有特色的建筑小品，将东坡文化有机融合到景点，彰显了黄冈的文化底蕴和自然魅力。</p>"
        },
        {
          "name": "平湖归雁景区",
          "latitude": "30.43437",
          "longitude": "114.916229",
          "iconPath": "/static/images/ico/jd.png",
          "width": "30",
          "height": "30",
          "img": [
            "http://sa9lkj8tk.hn-bkt.clouddn.com/%E5%AD%A6%E6%A0%A1/%E5%B9%B3%E6%B9%96%E5%BD%92%E9%9B%81%E6%99%AF%E5%8C%BA1.jpg?e=1710471059&token=wBkLtV20GRjR14oQ9Y5FRFoXcMn38yeqc8t_qA4Q:JpbY8ykBppELCHRoJmNn8JuKy4g=",
            "http://sa9lkj8tk.hn-bkt.clouddn.com/%E5%AD%A6%E6%A0%A1/%E5%B9%B3%E6%B9%96%E5%BD%92%E9%9B%81%E6%99%AF%E5%8C%BA2.jpg?e=1710471066&token=wBkLtV20GRjR14oQ9Y5FRFoXcMn38yeqc8t_qA4Q:yM6qSI2bgLbYFv8SmQFpXmpnWcw=",
            "http://sa9lkj8tk.hn-bkt.clouddn.com/%E5%AD%A6%E6%A0%A1/%E5%B9%B3%E6%B9%96%E5%BD%92%E9%9B%81%E6%99%AF%E5%8C%BA3.jpg?e=1710471073&token=wBkLtV20GRjR14oQ9Y5FRFoXcMn38yeqc8t_qA4Q:ZPD4XLAI6wq84mEGgAO2SoRFAUA="
          ],
          "description": "<p>苏东坡有词《西江月》“点点楼头细雨，重重江外平湖”，又有《调笑令》“归雁。归雁。饮啄江南南岸”。此景区视野通透，湖面开阔，大雁归来，飞越平湖，定格平湖归雁的美景。</p>"
        },
        {
          "name": "宝塔公园",
          "latitude": "30.437195",
          "longitude": "114.87651",
          "iconPath": "/static/images/ico/jd.png",
          "width": "30",
          "height": "30",
          "img": [
            "http://sa9lkj8tk.hn-bkt.clouddn.com/%E5%AD%A6%E6%A0%A1/%E5%AE%9D%E5%A1%94%E5%85%AC%E5%9B%AD1.jpg?e=1710471313&token=wBkLtV20GRjR14oQ9Y5FRFoXcMn38yeqc8t_qA4Q:DfFxNeZAxLoa_s77BPUuSdtoOdQ=",
            "http://sa9lkj8tk.hn-bkt.clouddn.com/%E5%AD%A6%E6%A0%A1/%E5%AE%9D%E5%A1%94%E5%85%AC%E5%9B%AD2.jpg?e=1710471320&token=wBkLtV20GRjR14oQ9Y5FRFoXcMn38yeqc8t_qA4Q:9NeNceYBrqx1PbJ_fDuvbAjhLBI="
          ],
          "description": "<p>   黄州青云塔矗立在黄冈市宝塔公园的钵孟峰上，又名南塔，文峰塔，俗称宝塔，因高入青云而得名。它与鄂州西山隔江相望，是古城黄冈的一大名胜。塔基面积为146平方米，塔基外层平台12×6.6平方米。青云塔的结构别致，建筑艺术独特。塔身是青灰色块石砌成，呈八方形，七层八面，层层出檐，塔高42.44米，耸入云天，极其壮观。塔内有石阶138级，盘旋贯穿各层。为了利于通风透光和眺望塔外景物，每层外缘八方设有八个“门”，相互垂直对称。“门”有虚实两种。虚门只外表有门框子样子，实门才有门孔通向塔外。</p> <p>  全塔共有实门16个，第五层1个，第二、三、四层各2个，第一、六、七层各3个。第一层的八个虚实门分别为：乾门、坤门、坎门、离门、震门、巽门和兑门。西北面的乾门为正门，门外上首嵌有“全楚文峰”石匾，笔力刚劲。东南面的巽门，是通塔的唯一通道，直通塔顶。门内的石壁上刻有“青云直上”四个大字。青云塔顶上还有一棵韧性很强的大叶朴树，高3米有余，直径30厘米，形如巨伞，大旱不枯。每逢春夏，枝叶茂盛，中外游客，来此观塔赏树，个个赞不绝口。登上塔顶，可俯瞰奔腾浩荡的长江，可望名胜东坡赤壁，还可远眺江南吴都古鄂州。数十里风光，尽收眼底，令人心旷神怡。</p>"
        }
      ]
    },
    {
      "name": "教学楼",
      "scale": 16,
      "data": [
        {
          "name": "博学楼",
          "latitude": "30.44755",
          "longitude": "114.927307",
          "iconPath": "/static/images/ico/jxl.png",
          "width": "30",
          "height": "30",
          "img": [
            "http://sa9lkj8tk.hn-bkt.clouddn.com/%E5%AD%A6%E6%A0%A1/%E5%8D%9A%E5%AD%A6%E6%A5%BC1.jpg?e=1710471826&token=wBkLtV20GRjR14oQ9Y5FRFoXcMn38yeqc8t_qA4Q:yNnRLyeCHfLrbUgQ1r8WgH0_eks="
          ],
          "description": "　博学楼，是我们学校的主教学楼了，博学楼一共六层，每个学院的学生除了在自己学院的楼上课外，最多的应该就是在博学楼了。特别是大一的新生，一般都是会有早晚自习的，地点就是博学楼。"
        },
        {
          "name": "新媒与传媒学院",
          "latitude": "30.44476",
          "longitude": "114.927762",
          "iconPath": "/static/images/ico/jxl.png",
          "width": "30",
          "height": "30",
          "img": [
            ""
          ],
          "description": "　新媒与传媒专业的教学楼。"
        },
        {
          "name": "数学与统计学院",
          "latitude": "30.444885",
          "longitude": "114.928814",
          "iconPath": "/static/images/ico/jxl.png",
          "width": "30",
          "height": "30",
          "img": [
            ""
          ],
          "description": "　数学与统计专业的教学楼。"
        },
        {
          "name": "政法学院",
          "latitude": "30.445241",
          "longitude": "114.928319",
          "iconPath": "/static/images/ico/jxl.png",
          "width": "30",
          "height": "30",
          "img": [
            "",
            ""
          ],
          "description": "　政法专业的教学楼。"
        },
        {
          "name": "化学化工学院",
          "latitude": "30.445374",
          "longitude": "114.929148",
          "iconPath": "/static/images/ico/jxl.png",
          "width": "30",
          "height": "30",
          "img": [
            "",
            ""
          ],
          "description": "　化学化工专业的教学楼。"
        },
        {
          "name": "生物与农业资源学院",
          "latitude": "30.445905",
          "longitude": "114.928746",
          "iconPath": "/static/images/ico/jxl.png",
          "width": "30",
          "height": "30",
          "img": [
            "",
            ""
          ],
          "description": "　生物与农业资源专业的教学楼。"
        },
        {
          "name": "外语楼/外国语学院",
          "latitude": "30.4456",
          "longitude": "114.927632",
          "iconPath": "/static/images/ico/jxl.png",
          "width": "30",
          "height": "30",
          "img": [
            "",
            ""
          ],
          "description": "　外语楼，上关于外语的专业或者课程的教学楼，提供电脑，方便学生进行听力考试等。"
        },
        {
          "name": "教育科学与技术系学院",
          "latitude": "30.445233",
          "longitude": "114.927911",
          "iconPath": "/static/images/ico/jxl.png",
          "width": "30",
          "height": "30",
          "img": [
            "",
            ""
          ],
          "description": "　教育科学与技术系专业的教学楼。"
        },
        {
          "name": "文学院/致远楼",
          "latitude": "30.450889",
          "longitude": "114.927048",
          "iconPath": "/static/images/ico/jxl.png",
          "width": "30",
          "height": "30",
          "img": [
            "",
            ""
          ],
          "description": "　上关于文学专业相关的教学楼。"
        },
        {
          "name": "音乐学院",
          "latitude": "30.448097",
          "longitude": "114.929642",
          "iconPath": "/static/images/ico/jxl.png",
          "width": "30",
          "height": "30",
          "img": [
            ""
          ],
          "description": "　音乐专业的教学楼。"
        },
        {
          "name": "黄梅戏学院",
          "latitude": "30.448079",
          "longitude": "114.929893",
          "iconPath": "/static/images/ico/jxl.png",
          "width": "30",
          "height": "30",
          "img": [
            ""
          ],
          "description": "　黄梅戏专业的教学楼。"
        },
        {
          "name": "美术学院",
          "latitude": "30.448212",
          "longitude": "114.928324",
          "iconPath": "/static/images/ico/jxl.png",
          "width": "30",
          "height": "30",
          "img": [
            ""
          ],
          "description": "　美术专业的教学楼。"
        },
        {
          "name": "计算机学院/逸夫楼",
          "latitude": "30.447833",
          "longitude": "114.925115",
          "iconPath": "/static/images/ico/jxl.png",
          "width": "30",
          "height": "30",
          "img": [
            ""
          ],
          "description": "　计算机相关专业和相关课程和考试的教学楼"
        },
        {
          "name": "体育学院",
          "latitude": "30.451104",
          "longitude": "114.925616",
          "iconPath": "/static/images/ico/jxl.png",
          "width": "30",
          "height": "30",
          "img": [
            ""
          ],
          "description": "体育专业的教学楼"
        },
        {
          "name": "力行楼",
          "latitude": "30.451157",
          "longitude": "114.92579",
          "iconPath": "/static/images/ico/jxl.png",
          "width": "30",
          "height": "30",
          "img": [
            "",
            ""
          ],
          "description": " 力行楼"
        },
        {
          "name": "电信楼",
          "latitude": "30.451382",
          "longitude": "114.929128",
          "iconPath": "/static/images/ico/jxl.png",
          "width": "30",
          "height": "30",
          "img": [
            "",
            ""
          ],
          "description": "电信楼"
        },
        {
          "name": "求实楼",
          "latitude": "30.452067",
          "longitude": "114.928789",
          "iconPath": "/static/images/ico/jxl.png",
          "width": "30",
          "height": "30",
          "img": [
            ""
          ],
          "description": "求实楼"
        },
        {
          "name": "创新楼",
          "latitude": "30.452843",
          "longitude": "114.928454",
          "iconPath": "/static/images/ico/jxl.png",
          "width": "30",
          "height": "30",
          "img": [
            ""
          ],
          "description": "创新楼"
        }, 
        {
          "name": "电工电子实训基地",
          "latitude": "30.451759",
          "longitude": "114.929157",
          "iconPath": "/static/images/ico/jxl.png",
          "width": "30",
          "height": "30",
          "img": [
            ""
          ],
          "description": "电工电子实训基地"
        },
        {
          "name": "建筑学院",
          "latitude": "30.454442",
          "longitude": "114.922778",
          "iconPath": "/static/images/ico/jxl.png",
          "width": "30",
          "height": "30",
          "img": [
            ""
          ],
          "description": "建筑学院"
        },
        {
          "name": "机电与汽车工程学院/机电楼",
          "latitude": "30.454786",
          "longitude": "114.923762",
          "iconPath": "/static/images/ico/jxl.png",
          "width": "30",
          "height": "30",
          "img": [
            ""
          ],
          "description": "机电与汽车工程学院/机电楼"
        }
      ]
    },
    {
      "name": "校门",
      "scale": 16,
      "data": [
        {
          "name": "北门",
          "latitude": "30.449498",
          "longitude": "114.926198",
          "iconPath": "/static/images/ico/xm.png",
          "width": "30",
          "height": "30",
          "img": [
            ""
          ],
          "description": "北门"
        },
        {
          "name": "西南2门",
          "latitude": "30.448527",
          "longitude": "114.924081",
          "iconPath": "/static/images/ico/xm.png",
          "width": "30",
          "height": "30",
          "img": [
            ""
          ],
          "description": "　西南2门"
        },
        {
          "name": "西大门",
          "latitude": "30.443294",
          "longitude": "114.926121",
          "iconPath": "/static/images/ico/xm.png",
          "width": "30",
          "height": "30",
          "img": [
            "",
            "",
            ""
          ],
          "description": "西大门"
        },
        {
          "name": "西3门",
          "latitude": "30.453602",
          "longitude": "114.921645",
          "iconPath": "/static/images/ico/xm.png",
          "width": "30",
          "height": "30",
          "img": [
            ""
          ],
          "description": "西3门"
        },
        {
          "name": "北2门",
          "latitude": "30.450337",
          "longitude": "114.928047",
          "iconPath": "/static/images/ico/xm.png",
          "width": "30",
          "height": "30",
          "img": [
            ""
          ],
          "description": "北2门"
        }
      ]
    },
    {
      "scale": 16,
      "name": "行政部门",
      "data": [
        {
          "name": "国际交流合作处",
          "floor": "厚德楼",
          "latitude": "30.448413",
          "longitude": "114.924943",
          "iconPath": "/static/images/ico/xyfu.png",
          "width": "30",
          "height": "30",
          "img": [
            ""
          ],
          "description": "国际交流合作处 厚德楼"
        },
        {
          "name": "心理健康教育与咨询中心",
          "floor": "致远楼",
          "latitude": "30.450777",
          "longitude": "114.92688",
          "iconPath": "/static/images/ico/xyfu.png",
          "width": "30",
          "height": "30",
          "img": [
            ""
          ],
          "description": "<p>  心理健康教育与咨询中心 致远楼</p><br>"
        }
        
      ]
    },
    {
      "scale": 16,
      "name": "寝室楼栋",
      "data": [
        {
          "name": "柳园公寓1栋",
          "latitude": "30.445747",
          "longitude": "114.930362",
          "iconPath": "/static/images/ico/xyfu.png",
          "width": "30",
          "height": "30",
          "img": [
            "",
            "",
            ""
          ],
          "description": "<p> 柳园公寓1栋</p> "
        },
        {
          "name": "柳园公寓2栋",
          "latitude": "30.445401",
          "longitude": "114.930444",
          "iconPath": "/static/images/ico/xyfu.png",
          "width": "30",
          "height": "30",
          "img": [
            "",
            "",
            ""
          ],
          "description": "<p> 柳园公寓2栋</p> "
        },
        {
          "name": "柳园公寓3栋",
          "latitude": "30.445051",
          "longitude": "114.930539",
          "iconPath": "/static/images/ico/xyfu.png",
          "width": "30",
          "height": "30",
          "img": [
            "",
            "",
            ""
          ],
          "description": "<p> 柳园公寓3栋</p> "
        },
        {
          "name": "柳园公寓4栋",
          "latitude": "30.443859",
          "longitude": "114.930877",
          "iconPath": "/static/images/ico/xyfu.png",
          "width": "30",
          "height": "30",
          "img": [
            "",
            "",
            ""
          ],
          "description": "<p> 柳园公寓4栋</p> "
        },
        {
          "name": "柳园公寓5栋",
          "latitude": "30.443557",
          "longitude": "114.930877",
          "iconPath": "/static/images/ico/xyfu.png",
          "width": "30",
          "height": "30",
          "img": [
            "",
            "",
            ""
          ],
          "description": "<p> 柳园公寓5栋</p> "
        },
        {
          "name": "柳园公寓6栋",
          "latitude": "30.443148",
          "longitude": "114.930933",
          "iconPath": "/static/images/ico/xyfu.png",
          "width": "30",
          "height": "30",
          "img": [
            "",
            "",
            ""
          ],
          "description": "<p> 柳园公寓6栋</p> "
        },
        {
          "name": "柳园公寓7栋",
          "latitude": "30.442876",
          "longitude": "114.931087",
          "iconPath": "/static/images/ico/xyfu.png",
          "width": "30",
          "height": "30",
          "img": [
            "",
            "",
            ""
          ],
          "description": "<p> 柳园公寓7栋</p> "
        },
        {
          "name": "柳园公寓8栋",
          "latitude": "30.442619",
          "longitude": "114.931255",
          "iconPath": "/static/images/ico/xyfu.png",
          "width": "30",
          "height": "30",
          "img": [
            "",
            "",
            ""
          ],
          "description": "<p> 柳园公寓8栋</p> "
        },
        {
          "name": "柳园公寓8栋",
          "latitude": "30.442619",
          "longitude": "114.931255",
          "iconPath": "/static/images/ico/xyfu.png",
          "width": "30",
          "height": "30",
          "img": [
            "",
            "",
            ""
          ],
          "description": "<p> 柳园公寓8栋</p> "
        },
        {
          "name": "柳园公寓18栋",
          "latitude": "30.442198",
          "longitude": "114.931317",
          "iconPath": "/static/images/ico/xyfu.png",
          "width": "30",
          "height": "30",
          "img": [
            "",
            "",
            ""
          ],
          "description": "<p> 柳园公寓18栋</p> "
        },
        {
          "name": "柳园公寓19栋",
          "latitude": "30.441882",
          "longitude": "114.931466",
          "iconPath": "/static/images/ico/xyfu.png",
          "width": "30",
          "height": "30",
          "img": [
            "",
            "",
            ""
          ],
          "description": "<p> 柳园公寓19栋</p> "
        },
        {
          "name": "紫园公寓1栋",
          "latitude": "30.45074",
          "longitude": "114.92983",
          "iconPath": "/static/images/ico/xyfu.png",
          "width": "30",
          "height": "30",
          "img": [
            "",
            "",
            ""
          ],
          "description": "<p> 紫园公寓1栋</p> "
        },
        {
          "name": "紫园公寓2栋",
          "latitude": "30.450503",
          "longitude": "114.929828",
          "iconPath": "/static/images/ico/xyfu.png",
          "width": "30",
          "height": "30",
          "img": [
            "",
            "",
            ""
          ],
          "description": "<p> 紫园公寓2栋</p> "
        },
        {
          "name": "紫园公寓3栋",
          "latitude": "30.450247",
          "longitude": "114.929759",
          "iconPath": "/static/images/ico/xyfu.png",
          "width": "30",
          "height": "30",
          "img": [
            "",
            "",
            ""
          ],
          "description": "<p> 紫园公寓3栋</p> "
        },
        {
          "name": "紫园公寓4栋",
          "latitude": "30.449989",
          "longitude": "114.929736",
          "iconPath": "/static/images/ico/xyfu.png",
          "width": "30",
          "height": "30",
          "img": [
            "",
            "",
            ""
          ],
          "description": "<p> 紫园公寓4栋</p> "
        },
        {
          "name": "紫园公寓5栋",
          "latitude": "30.449713",
          "longitude": "114.929703",
          "iconPath": "/static/images/ico/xyfu.png",
          "width": "30",
          "height": "30",
          "img": [
            "",
            "",
            ""
          ],
          "description": "<p> 紫园公寓5栋</p> "
        },
        {
          "name": "紫园公寓6栋",
          "latitude": "30.44947",
          "longitude": "114.92964",
          "iconPath": "/static/images/ico/xyfu.png",
          "width": "30",
          "height": "30",
          "img": [
            "",
            "",
            ""
          ],
          "description": "<p> 紫园公寓6栋</p> "
        },
        {
          "name": "紫园公寓7栋",
          "latitude": "30.449132",
          "longitude": "114.929569",
          "iconPath": "/static/images/ico/xyfu.png",
          "width": "30",
          "height": "30",
          "img": [
            "",
            "",
            ""
          ],
          "description": "<p> 紫园公寓7栋</p> "
        },
        {
          "name": "紫园公寓8栋",
          "latitude": "30.448848",
          "longitude": "114.92963",
          "iconPath": "/static/images/ico/xyfu.png",
          "width": "30",
          "height": "30",
          "img": [
            "",
            "",
            ""
          ],
          "description": "<p> 紫园公寓8栋</p> "
        },
        {
          "name": "紫园公寓9栋",
          "latitude": "30.448577",
          "longitude": "114.929706",
          "iconPath": "/static/images/ico/xyfu.png",
          "width": "30",
          "height": "30",
          "img": [
            "",
            "",
            ""
          ],
          "description": "<p> 紫园公寓9栋</p> "
        },
        {
          "name": "兰园公寓1栋",
          "latitude": "30.454283",
          "longitude": "114.925095",
          "iconPath": "/static/images/ico/xyfu.png",
          "width": "30",
          "height": "30",
          "img": [
            "",
            "",
            ""
          ],
          "description": "<p> 兰园公寓1栋</p> "
        },
        {
          "name": "兰园公寓2栋",
          "latitude": "30.453957",
          "longitude": "114.925246",
          "iconPath": "/static/images/ico/xyfu.png",
          "width": "30",
          "height": "30",
          "img": [
            "",
            "",
            ""
          ],
          "description": "<p> 兰园公寓2栋</p> "
        },
        {
          "name": "兰园公寓3栋",
          "latitude": "30.453644",
          "longitude": "114.925404",
          "iconPath": "/static/images/ico/xyfu.png",
          "width": "30",
          "height": "30",
          "img": [
            "",
            "",
            ""
          ],
          "description": "<p> 兰园公寓3栋</p> "
        },
        {
          "name": "兰园公寓4栋",
          "latitude": "30.454502",
          "longitude": "114.925821",
          "iconPath": "/static/images/ico/xyfu.png",
          "width": "30",
          "height": "30",
          "img": [
            "",
            "",
            ""
          ],
          "description": "<p> 兰园公寓4栋</p> "
        },
        {
          "name": "兰园公寓5栋",
          "latitude": "30.454183",
          "longitude": "114.925937",
          "iconPath": "/static/images/ico/xyfu.png",
          "width": "30",
          "height": "30",
          "img": [
            "",
            "",
            ""
          ],
          "description": "<p> 兰园公寓5栋</p> "
        },
        {
          "name": "兰园公寓6栋",
          "latitude": "30.453867",
          "longitude": "114.926115",
          "iconPath": "/static/images/ico/xyfu.png",
          "width": "30",
          "height": "30",
          "img": [
            "",
            "",
            ""
          ],
          "description": "<p> 兰园公寓6栋</p> "
        },
        {
          "name": "兰园公寓7栋",
          "latitude": "30.454696",
          "longitude": "114.92646",
          "iconPath": "/static/images/ico/xyfu.png",
          "width": "30",
          "height": "30",
          "img": [
            "",
            "",
            ""
          ],
          "description": "<p> 兰园公寓7栋</p> "
        },
        {
          "name": "兰园公寓8栋",
          "latitude": "30.454371",
          "longitude": "114.926533",
          "iconPath": "/static/images/ico/xyfu.png",
          "width": "30",
          "height": "30",
          "img": [
            "",
            "",
            ""
          ],
          "description": "<p> 兰园公寓8栋</p> "
        },
        {
          "name": "兰园公寓9栋",
          "latitude": "30.4541",
          "longitude": "114.926695",
          "iconPath": "/static/images/ico/xyfu.png",
          "width": "30",
          "height": "30",
          "img": [
            "",
            "",
            ""
          ],
          "description": "<p> 兰园公寓9栋</p> "
        }
      ]
    },
    {
      "name": "食堂",
      "scale": 16,
      "data": [
        {
          "name": "柳园食堂",
          "latitude": "30.444585",
          "longitude": "114.930409",
          "iconPath": "/static/images/ico/st.png",
          "width": "30",
          "height": "30",
          "img": [
            ""
          ],
          "description": "柳园食堂"
        },
        {
          "name": "紫园食堂",
          "latitude": "30.449675",
          "longitude": "114.928865",
          "iconPath": "/static/images/ico/st.png",
          "width": "30",
          "height": "30",
          "img": [
            ""
          ],
          "description": "紫园食堂"
        }
      ]
    },
    {
      "scale": 16,
      "name": "其他",
      "data": [
        {
          "name": "南区快递点",
          "latitude": "30.450257",
          "longitude": "114.929127",
          "iconPath": "/static/images/ico/boy_ss.png",
          "width": "30",
          "height": "30",
          "img": [
            ""
          ],
          "description": "南区快递点"
        },
        {
          "name": "北区快递点",
          "latitude": "30.453151",
          "longitude": "114.925408",
          "iconPath": "/static/images/ico/boy_ss.png",
          "width": "30",
          "height": "30",
          "img": [
            ""
          ],
          "description": "北区快递点"
        },
        {
          "name": "北区理发店",
          "latitude": "30.45266",
          "longitude": "114.925753",
          "iconPath": "/static/images/ico/boy_ss.png",
          "width": "30",
          "height": "30",
          "img": [
            ""
          ],
          "description": "北区理发店"
        },
        {
          "name": "茶三一",
          "latitude": "30.451343",
          "longitude": "114.926574",
          "iconPath": "/static/images/ico/boy_ss.png",
          "width": "30",
          "height": "30",
          "img": [
            ""
          ],
          "description": "茶三一"
        },
        {
          "name": "挪瓦咖啡",
          "latitude": "30.44472",
          "longitude": "114.930732",
          "iconPath": "/static/images/ico/boy_ss.png",
          "width": "30",
          "height": "30",
          "img": [
            ""
          ],
          "description": "挪瓦咖啡"
        },
        {
          "name": "黄商超市",
          "latitude": "30.444691",
          "longitude": "114.930983",
          "iconPath": "/static/images/ico/boy_ss.png",
          "width": "30",
          "height": "30",
          "img": [
            ""
          ],
          "description": "黄商超市"
        }
      ]
    }
  ]
  
}
